<?xml version="1.0" encoding="utf-8"?>
<table name="activity_feed">
	<row>
		<activity_id>1</activity_id>
		<user_id>1</user_id>
		<module_id>activity</module_id>
		<feed_var>add_status</feed_var>
		<time_created>1361393371</time_created>
		<item_id>1</item_id>
	</row>
	<row>
		<activity_id>2</activity_id>
		<user_id>1</user_id>
		<module_id>activity</module_id>
		<feed_var>add_blog_post</feed_var>
		<time_created>1361462334</time_created>
		<item_id>1</item_id>
	</row>
	<row>
		<activity_id>3</activity_id>
		<user_id>1</user_id>
		<module_id>activity</module_id>
		<feed_var>add_blog_post</feed_var>
		<time_created>1361463325</time_created>
		<item_id>2</item_id>
	</row>
</table>